epoch,train_loss,train_precision,train_recall,train_f1,train_auprc,train_accuracy,train_trivial_accuracy,train_n,val_precision,val_recall,val_f1,val_auprc,val_accuracy,val_trivial_accuracy,val_n
10,0.6330463886260986,0.0017652567633644302,0.8531375166889186,0.00352322350138944,0.002000651995412818,0.638542,0.999251,1000000,0.003153015542556281,0.7726432532347505,0.006280401915672833,0.0027693401179272694,0.7395283305880164,0.9989346923062533,1015669
20,0.5794428586959839,0.002028996065860411,0.7436582109479306,0.004046950437571975,0.0029425697739170597,0.725845,0.999251,1000000,0.004240451692680992,0.6719038817005545,0.008427715242919907,0.006350638288378201,0.8315671739513562,0.9989346923062533,1015669
30,0.5374533534049988,0.0019143052225613654,0.8197596795727636,0.0038196906921478604,0.003451288622272669,0.679736,0.999251,1000000,0.004097586492495023,0.7818853974121996,0.008152448866510877,0.007235362734947251,0.7973227498328688,0.9989346923062533,1015669
40,0.5048332214355469,0.002079885266459811,0.8170894526034713,0.004149208802831225,0.004142039442057343,0.706228,0.999251,1000000,0.004509516207921484,0.7754158964879853,0.008966884515291264,0.008397527638204984,0.8174060643772725,0.9989346923062533,1015669
50,0.4710806906223297,0.0023670160473100717,0.835781041388518,0.004720662702617102,0.00552393988532691,0.736035,0.999251,1000000,0.005088509760262994,0.8068391866913124,0.01011323814764401,0.011183868542131319,0.8317375050336281,0.9989346923062533,1015669
60,0.43626949191093445,0.0028272741725496597,0.8785046728971962,0.005636408802391619,0.00697189219001307,0.767834,0.999251,1000000,0.005457889456838485,0.844731977818854,0.010845703843461132,0.012694426094931816,0.8358540036173202,0.9989346923062533,1015669
70,0.4021300971508026,0.003988035892323031,0.8384512683578104,0.007938313740361523,0.009647262951158652,0.843036,0.999251,1000000,0.006452857058090547,0.8040665434380776,0.012802966756434594,0.017676428877489027,0.8679038151208711,0.9989346923062533,1015669
80,0.3716379404067993,0.004247209719801233,0.8718291054739653,0.008453238574211796,0.01152653238735201,0.846809,0.999251,1000000,0.0064677800954767535,0.8539741219963032,0.012838326015672762,0.019547908471009616,0.8600961533728015,0.9989346923062533,1015669
90,0.345591276884079,0.004723999942214068,0.8731642189586115,0.009397159299092614,0.013314371390299265,0.862117,0.999251,1000000,0.00690341206563851,0.8530499075785583,0.013695987654320988,0.021532919108347006,0.8691128704331824,0.9989346923062533,1015669
100,0.32370656728744507,0.004318729583909368,0.9425901201602136,0.008598064826485936,0.01519756931670682,0.837189,0.999251,1000000,0.0063029262252751695,0.9362292051756007,0.012521554254918079,0.024620923364441803,0.8426898920809831,0.9989346923062533,1015669
110,0.30515748262405396,0.004258406223643002,0.9639519359145527,0.008479353596091511,0.017076491805287322,0.831148,0.999251,1000000,0.006127248233319941,0.9584103512014788,0.012176649483930815,0.027314244551988165,0.8343436690496608,0.9989346923062533,1015669
120,0.2909213900566101,0.005267751627827941,0.910547396528705,0.010474903237697364,0.018410869872005308,0.871148,0.999251,1000000,0.007150573589176398,0.899260628465804,0.014188327075206883,0.02663889283917021,0.8668769057635903,0.9989346923062533,1015669
130,0.27356916666030884,0.004982427124250568,0.965287049399199,0.009913683763086269,0.019842319207759782,0.855587,0.999251,1000000,0.006632899958060458,0.9500924214417745,0.013173829188745859,0.028961807060667224,0.8483649692960994,0.9989346923062533,1015669
140,0.26141640543937683,0.00509700524505104,0.965287049399199,0.010140465788200314,0.020974388799080416,0.858849,0.999251,1000000,0.006671493587091436,0.9537892791127541,0.013250304936765744,0.030382877355917076,0.8486652639787174,0.9989346923062533,1015669
150,0.2510589361190796,0.005098119407405318,0.965287049399199,0.010142670763015024,0.022001325714020185,0.85888,0.999251,1000000,0.006627929251005683,0.9593345656192237,0.013164903736397534,0.03186787804385283,0.8467847300646175,0.9989346923062533,1015669
160,0.24187520146369934,0.005007197415817785,0.9706275033377837,0.009962998492531178,0.02302434470624677,0.855514,0.999251,1000000,0.0064440068884211565,0.9648798521256932,0.012802511450522094,0.033830436121506116,0.8414788676232119,0.9989346923062533,1015669
170,0.23505477607250214,0.005084852162631568,0.9732977303070761,0.010116850315024009,0.023716087215000965,0.857342,0.999251,1000000,0.0064601316706875385,0.967652495378928,0.012834578585744669,0.03493267302750122,0.8414257006957976,0.9989346923062533,1015669
180,0.23263825476169586,0.0056749606349561586,0.9479305740987984,0.011282377244557445,0.023944047781180842,0.87556,0.999251,1000000,0.007117262005530162,0.9325323475046211,0.014126706335316767,0.034013464011436775,0.8613406533033892,0.9989346923062533,1015669
190,0.22456121444702148,0.00507564936415704,0.9773030707610146,0.010098850083122366,0.02532520619897713,0.856497,0.999251,1000000,0.006358472513231679,0.9704251386321626,0.0126341627761467,0.0375091059435772,0.8384158618605076,0.9989346923062533,1015669
200,0.21988922357559204,0.005243057803094051,0.9732977303070761,0.010429930610201015,0.025832262232235063,0.861668,0.999251,1000000,0.006530755228044714,0.9648798521256932,0.012973698436072847,0.03779581876948496,0.8435976681379466,0.9989346923062533,1015669
210,0.21824344992637634,0.004860827526247152,0.9853137516688919,0.00967393085367852,0.026870149724830338,0.848901,0.999251,1000000,0.006068085981692893,0.9815157116451017,0.012061602762129748,0.04041538525107846,0.82871191303466,0.9989346923062533,1015669
220,0.21381448209285736,0.005507390291410457,0.9626168224299065,0.010952120549276948,0.026914988327796017,0.869778,0.999251,1000000,0.0068329415514562335,0.9510166358595195,0.013568395791028245,0.03836076037362981,0.8526901972985294,0.9989346923062533,1015669
230,0.21043875813484192,0.00516427933863221,0.9732977303070761,0.010274045000035233,0.027472691283294274,0.859547,0.999251,1000000,0.006413944208477668,0.9685767097966729,0.012743500571511954,0.03979207557468727,0.8401250801196058,0.9989346923062533,1015669
240,0.2111593633890152,0.0048624718774947385,0.9839786381842457,0.009677122861382108,0.028178490130300955,0.849156,0.999251,1000000,0.0060380573700653225,0.9824399260628466,0.012002348531038999,0.04173160424793723,0.8276938648319482,0.9989346923062533,1015669
250,0.20806340873241425,0.005554358863895129,0.9639519359145527,0.011045075227364863,0.027881508726380323,0.870707,0.999251,1000000,0.006848447262955035,0.9491682070240296,0.01359877650735221,0.03925857701972708,0.8533094935456335,0.9989346923062533,1015669
260,0.20535814762115479,0.005045484770999431,0.9826435246995995,0.010039421096424821,0.028874504624404943,0.85485,0.999251,1000000,0.00622814105323999,0.9759704251386322,0.012377296568699271,0.04158094754454304,0.8340768498398592,0.9989346923062533,1015669
270,0.20454564690589905,0.005087475547629416,0.9826435246995995,0.010122543289001362,0.029467346095566678,0.856054,0.999251,1000000,0.006266684899905465,0.9741219963031423,0.012453255982938803,0.04173277962476369,0.835413899607057,0.9989346923062533,1015669
280,0.20410677790641785,0.005633472672578818,0.9626168224299065,0.011201392017648795,0.029213115139446414,0.872708,0.999251,1000000,0.006937763384327701,0.9463955637707948,0.013774549367769708,0.039949135006026586,0.8556301314699967,0.9989346923062533,1015669
290,0.20113830268383026,0.00517515363737361,0.9826435246995995,0.010296082312701533,0.030576068410928383,0.858505,0.999251,1000000,0.006339566030088742,0.9685767097966729,0.012596683754725259,0.04205578125993194,0.8382376541963966,0.9989346923062533,1015669
300,0.20291179418563843,0.004981985087843821,0.9839786381842457,0.009913775709231784,0.03091172903961254,0.852792,0.999251,1000000,0.0061664595696252515,0.9815157116451017,0.012255920232654757,0.04320659624921917,0.8314608400965275,0.9989346923062533,1015669
