edge_idx,typology,fidelity,subgraph_edges,subgraph_image
3459505,stack,0.0,304,outputs/explanations/figures/heterosage_hismall_baseline_seed43_edge3459505_stack.png
3906799,scatter_gather,0.4,1620,outputs/explanations/figures/heterosage_hismall_baseline_seed43_edge3906799_scatter_gather.png
3162466,fan_out,0.3333333333333333,12925,outputs/explanations/figures/heterosage_hismall_baseline_seed43_edge3162466_fan_out.png
4064967,unclassified,,131308,outputs/explanations/figures/heterosage_hismall_baseline_seed43_edge4064967_unclassified.png
2976949,fan_out,0.3333333333333333,661,outputs/explanations/figures/heterosage_hismall_baseline_seed43_edge2976949_fan_out.png
3469184,bipartite,0.0,225,outputs/explanations/figures/heterosage_hismall_baseline_seed43_edge3469184_bipartite.png
3951313,scatter_gather,0.16666666666666666,437,outputs/explanations/figures/heterosage_hismall_baseline_seed43_edge3951313_scatter_gather.png
4064922,unclassified,,109,outputs/explanations/figures/heterosage_hismall_baseline_seed43_edge4064922_unclassified.png
1936578,gather_scatter,0.3333333333333333,896,outputs/explanations/figures/heterosage_hismall_baseline_seed43_edge1936578_gather_scatter.png
3459547,stack,0.0,1205,outputs/explanations/figures/heterosage_hismall_baseline_seed43_edge3459547_stack.png
4065987,unclassified,,57222,outputs/explanations/figures/heterosage_hismall_baseline_seed43_edge4065987_unclassified.png
3863642,scatter_gather,0.4,214653,outputs/explanations/figures/heterosage_hismall_baseline_seed43_edge3863642_scatter_gather.png
3902220,fan_in,0.3333333333333333,705,outputs/explanations/figures/heterosage_hismall_baseline_seed43_edge3902220_fan_in.png
2825561,fan_in,0.6666666666666666,215119,outputs/explanations/figures/heterosage_hismall_baseline_seed43_edge2825561_fan_in.png
3444534,stack,0.0,134031,outputs/explanations/figures/heterosage_hismall_baseline_seed43_edge3444534_stack.png
4074298,unclassified,,131447,outputs/explanations/figures/heterosage_hismall_baseline_seed43_edge4074298_unclassified.png
812704,gather_scatter,0.3333333333333333,132013,outputs/explanations/figures/heterosage_hismall_baseline_seed43_edge812704_gather_scatter.png
2387735,gather_scatter,0.6666666666666666,503,outputs/explanations/figures/heterosage_hismall_baseline_seed43_edge2387735_gather_scatter.png
2928623,gather_scatter,0.0,214296,outputs/explanations/figures/heterosage_hismall_baseline_seed43_edge2928623_gather_scatter.png
3459492,stack,0.0,131340,outputs/explanations/figures/heterosage_hismall_baseline_seed43_edge3459492_stack.png
4075709,unclassified,,73,outputs/explanations/figures/heterosage_hismall_baseline_seed43_edge4075709_unclassified.png
4073208,unclassified,,280,outputs/explanations/figures/heterosage_hismall_baseline_seed43_edge4073208_unclassified.png
3596555,cycle,0.0,31,outputs/explanations/figures/heterosage_hismall_baseline_seed43_edge3596555_cycle.png
4073161,unclassified,,131519,outputs/explanations/figures/heterosage_hismall_baseline_seed43_edge4073161_unclassified.png
4080912,unclassified,,178,outputs/explanations/figures/heterosage_hismall_baseline_seed43_edge4080912_unclassified.png
3664347,fan_out,0.16666666666666666,2104,outputs/explanations/figures/heterosage_hismall_baseline_seed43_edge3664347_fan_out.png
3123487,stack,0.0,11132,outputs/explanations/figures/heterosage_hismall_baseline_seed43_edge3123487_stack.png
3951317,scatter_gather,0.14285714285714285,296,outputs/explanations/figures/heterosage_hismall_baseline_seed43_edge3951317_scatter_gather.png
4082363,unclassified,,30,outputs/explanations/figures/heterosage_hismall_baseline_seed43_edge4082363_unclassified.png
2825563,fan_in,0.5,1426,outputs/explanations/figures/heterosage_hismall_baseline_seed43_edge2825563_fan_in.png
1936580,gather_scatter,0.3333333333333333,938,outputs/explanations/figures/heterosage_hismall_baseline_seed43_edge1936580_gather_scatter.png
2860256,stack,0.16666666666666666,52,outputs/explanations/figures/heterosage_hismall_baseline_seed43_edge2860256_stack.png
3162519,fan_out,0.5,131944,outputs/explanations/figures/heterosage_hismall_baseline_seed43_edge3162519_fan_out.png
3756241,stack,0.3333333333333333,139,outputs/explanations/figures/heterosage_hismall_baseline_seed43_edge3756241_stack.png
812705,gather_scatter,0.3333333333333333,979,outputs/explanations/figures/heterosage_hismall_baseline_seed43_edge812705_gather_scatter.png
4080153,unclassified,,458,outputs/explanations/figures/heterosage_hismall_baseline_seed43_edge4080153_unclassified.png
3303596,stack,0.0,131518,outputs/explanations/figures/heterosage_hismall_baseline_seed43_edge3303596_stack.png
4087629,unclassified,,135,outputs/explanations/figures/heterosage_hismall_baseline_seed43_edge4087629_unclassified.png
4088406,cycle,0.0,168,outputs/explanations/figures/heterosage_hismall_baseline_seed43_edge4088406_cycle.png
4085432,unclassified,,107,outputs/explanations/figures/heterosage_hismall_baseline_seed43_edge4085432_unclassified.png
3332515,gather_scatter,0.6666666666666666,425,outputs/explanations/figures/heterosage_hismall_baseline_seed43_edge3332515_gather_scatter.png
4084385,unclassified,,115,outputs/explanations/figures/heterosage_hismall_baseline_seed43_edge4084385_unclassified.png
4089358,unclassified,,213669,outputs/explanations/figures/heterosage_hismall_baseline_seed43_edge4089358_unclassified.png
2313418,gather_scatter,0.0,1718,outputs/explanations/figures/heterosage_hismall_baseline_seed43_edge2313418_gather_scatter.png
3902222,fan_in,0.3333333333333333,742,outputs/explanations/figures/heterosage_hismall_baseline_seed43_edge3902222_fan_in.png
3805120,bipartite,0.0,12404,outputs/explanations/figures/heterosage_hismall_baseline_seed43_edge3805120_bipartite.png
4093951,unclassified,,256,outputs/explanations/figures/heterosage_hismall_baseline_seed43_edge4093951_unclassified.png
4094071,unclassified,,131377,outputs/explanations/figures/heterosage_hismall_baseline_seed43_edge4094071_unclassified.png
2332876,scatter_gather,0.14285714285714285,1554,outputs/explanations/figures/heterosage_hismall_baseline_seed43_edge2332876_scatter_gather.png
1237955,gather_scatter,0.3333333333333333,1238,outputs/explanations/figures/heterosage_hismall_baseline_seed43_edge1237955_gather_scatter.png
3785805,random,,213655,outputs/explanations/figures/heterosage_hismall_baseline_seed43_edge3785805_random.png
3444542,stack,0.0,132543,outputs/explanations/figures/heterosage_hismall_baseline_seed43_edge3444542_stack.png
3703306,stack,0.0,213636,outputs/explanations/figures/heterosage_hismall_baseline_seed43_edge3703306_stack.png
4097809,unclassified,,40,outputs/explanations/figures/heterosage_hismall_baseline_seed43_edge4097809_unclassified.png
3906803,scatter_gather,0.125,2529,outputs/explanations/figures/heterosage_hismall_baseline_seed43_edge3906803_scatter_gather.png
3469199,bipartite,0.0,394,outputs/explanations/figures/heterosage_hismall_baseline_seed43_edge3469199_bipartite.png
3863645,scatter_gather,0.14285714285714285,215001,outputs/explanations/figures/heterosage_hismall_baseline_seed43_edge3863645_scatter_gather.png
4107993,unclassified,,146,outputs/explanations/figures/heterosage_hismall_baseline_seed43_edge4107993_unclassified.png
2864762,cycle,0.0,1995,outputs/explanations/figures/heterosage_hismall_baseline_seed43_edge2864762_cycle.png
2762113,fan_in,1.0,1558,outputs/explanations/figures/heterosage_hismall_baseline_seed43_edge2762113_fan_in.png
3117683,stack,0.0,214006,outputs/explanations/figures/heterosage_hismall_baseline_seed43_edge3117683_stack.png
4102735,fan_out,0.5,2172,outputs/explanations/figures/heterosage_hismall_baseline_seed43_edge4102735_fan_out.png
2248680,stack,0.0,436,outputs/explanations/figures/heterosage_hismall_baseline_seed43_edge2248680_stack.png
4114706,unclassified,,96,outputs/explanations/figures/heterosage_hismall_baseline_seed43_edge4114706_unclassified.png
1237957,gather_scatter,0.3333333333333333,1160,outputs/explanations/figures/heterosage_hismall_baseline_seed43_edge1237957_gather_scatter.png
3444546,stack,0.0,369,outputs/explanations/figures/heterosage_hismall_baseline_seed43_edge3444546_stack.png
3182159,cycle,0.0,213732,outputs/explanations/figures/heterosage_hismall_baseline_seed43_edge3182159_cycle.png
4109497,unclassified,,255,outputs/explanations/figures/heterosage_hismall_baseline_seed43_edge4109497_unclassified.png
3635828,fan_in,0.5,591,outputs/explanations/figures/heterosage_hismall_baseline_seed43_edge3635828_fan_in.png
3133009,gather_scatter,0.3333333333333333,789,outputs/explanations/figures/heterosage_hismall_baseline_seed43_edge3133009_gather_scatter.png
3970857,fan_in,0.8333333333333334,451,outputs/explanations/figures/heterosage_hismall_baseline_seed43_edge3970857_fan_in.png
2825565,fan_in,0.5,1179,outputs/explanations/figures/heterosage_hismall_baseline_seed43_edge2825565_fan_in.png
4127854,fan_in,0.5,715,outputs/explanations/figures/heterosage_hismall_baseline_seed43_edge4127854_fan_in.png
3961339,gather_scatter,0.3333333333333333,707,outputs/explanations/figures/heterosage_hismall_baseline_seed43_edge3961339_gather_scatter.png
2313420,gather_scatter,0.3333333333333333,132912,outputs/explanations/figures/heterosage_hismall_baseline_seed43_edge2313420_gather_scatter.png
4119774,unclassified,,391,outputs/explanations/figures/heterosage_hismall_baseline_seed43_edge4119774_unclassified.png
1839110,gather_scatter,0.3333333333333333,1025,outputs/explanations/figures/heterosage_hismall_baseline_seed43_edge1839110_gather_scatter.png
3055209,random,,25626,outputs/explanations/figures/heterosage_hismall_baseline_seed43_edge3055209_random.png
3635774,fan_out,0.3333333333333333,502,outputs/explanations/figures/heterosage_hismall_baseline_seed43_edge3635774_fan_out.png
2757790,gather_scatter,0.3333333333333333,722,outputs/explanations/figures/heterosage_hismall_baseline_seed43_edge2757790_gather_scatter.png
4118629,unclassified,,228,outputs/explanations/figures/heterosage_hismall_baseline_seed43_edge4118629_unclassified.png
4120433,unclassified,,213701,outputs/explanations/figures/heterosage_hismall_baseline_seed43_edge4120433_unclassified.png
4122676,unclassified,,219,outputs/explanations/figures/heterosage_hismall_baseline_seed43_edge4122676_unclassified.png
4088408,cycle,0.0,123,outputs/explanations/figures/heterosage_hismall_baseline_seed43_edge4088408_cycle.png
3906806,scatter_gather,0.16666666666666666,2049,outputs/explanations/figures/heterosage_hismall_baseline_seed43_edge3906806_scatter_gather.png
2641335,cycle,0.0,356,outputs/explanations/figures/heterosage_hismall_baseline_seed43_edge2641335_cycle.png
3596558,cycle,0.0,126,outputs/explanations/figures/heterosage_hismall_baseline_seed43_edge3596558_cycle.png
3459494,stack,0.0,40,outputs/explanations/figures/heterosage_hismall_baseline_seed43_edge3459494_stack.png
2278946,stack,0.3333333333333333,2157,outputs/explanations/figures/heterosage_hismall_baseline_seed43_edge2278946_stack.png
2548024,cycle,0.0,392,outputs/explanations/figures/heterosage_hismall_baseline_seed43_edge2548024_cycle.png
4126008,unclassified,,50219,outputs/explanations/figures/heterosage_hismall_baseline_seed43_edge4126008_unclassified.png
4123274,unclassified,,52,outputs/explanations/figures/heterosage_hismall_baseline_seed43_edge4123274_unclassified.png
4130553,unclassified,,213690,outputs/explanations/figures/heterosage_hismall_baseline_seed43_edge4130553_unclassified.png
3990434,bipartite,0.0,11140,outputs/explanations/figures/heterosage_hismall_baseline_seed43_edge3990434_bipartite.png
4135358,unclassified,,317,outputs/explanations/figures/heterosage_hismall_baseline_seed43_edge4135358_unclassified.png
3123477,scatter_gather,0.5,387,outputs/explanations/figures/heterosage_hismall_baseline_seed43_edge3123477_scatter_gather.png
3162487,cycle,0.0,8188,outputs/explanations/figures/heterosage_hismall_baseline_seed43_edge3162487_cycle.png
812706,gather_scatter,0.3333333333333333,724,outputs/explanations/figures/heterosage_hismall_baseline_seed43_edge812706_gather_scatter.png
4142394,unclassified,,146,outputs/explanations/figures/heterosage_hismall_baseline_seed43_edge4142394_unclassified.png
4145475,unclassified,,49827,outputs/explanations/figures/heterosage_hismall_baseline_seed43_edge4145475_unclassified.png
4143532,unclassified,,98,outputs/explanations/figures/heterosage_hismall_baseline_seed43_edge4143532_unclassified.png
4043825,bipartite,0.0,1240,outputs/explanations/figures/heterosage_hismall_baseline_seed43_edge4043825_bipartite.png
4142740,unclassified,,223,outputs/explanations/figures/heterosage_hismall_baseline_seed43_edge4142740_unclassified.png
4145045,unclassified,,200,outputs/explanations/figures/heterosage_hismall_baseline_seed43_edge4145045_unclassified.png
4144325,unclassified,,80,outputs/explanations/figures/heterosage_hismall_baseline_seed43_edge4144325_unclassified.png
4147414,unclassified,,50533,outputs/explanations/figures/heterosage_hismall_baseline_seed43_edge4147414_unclassified.png
2313423,gather_scatter,0.3333333333333333,2103,outputs/explanations/figures/heterosage_hismall_baseline_seed43_edge2313423_gather_scatter.png
4145270,unclassified,,67903,outputs/explanations/figures/heterosage_hismall_baseline_seed43_edge4145270_unclassified.png
3411045,scatter_gather,0.14285714285714285,376,outputs/explanations/figures/heterosage_hismall_baseline_seed43_edge3411045_scatter_gather.png
4152793,unclassified,,77,outputs/explanations/figures/heterosage_hismall_baseline_seed43_edge4152793_unclassified.png
4152126,unclassified,,131329,outputs/explanations/figures/heterosage_hismall_baseline_seed43_edge4152126_unclassified.png
4155348,unclassified,,126,outputs/explanations/figures/heterosage_hismall_baseline_seed43_edge4155348_unclassified.png
4157033,fan_in,0.3333333333333333,94,outputs/explanations/figures/heterosage_hismall_baseline_seed43_edge4157033_fan_in.png
4148991,unclassified,,243,outputs/explanations/figures/heterosage_hismall_baseline_seed43_edge4148991_unclassified.png
4153518,unclassified,,24716,outputs/explanations/figures/heterosage_hismall_baseline_seed43_edge4153518_unclassified.png
3182161,cycle,0.0,213802,outputs/explanations/figures/heterosage_hismall_baseline_seed43_edge3182161_cycle.png
3351990,stack,0.0,634,outputs/explanations/figures/heterosage_hismall_baseline_seed43_edge3351990_stack.png
3123400,fan_in,0.3333333333333333,1019,outputs/explanations/figures/heterosage_hismall_baseline_seed43_edge3123400_fan_in.png
3459507,stack,0.0,335,outputs/explanations/figures/heterosage_hismall_baseline_seed43_edge3459507_stack.png
3703292,stack,0.0,463,outputs/explanations/figures/heterosage_hismall_baseline_seed43_edge3703292_stack.png
2651117,stack,0.0,88,outputs/explanations/figures/heterosage_hismall_baseline_seed43_edge2651117_stack.png
2244741,gather_scatter,0.6666666666666666,11461,outputs/explanations/figures/heterosage_hismall_baseline_seed43_edge2244741_gather_scatter.png
812707,gather_scatter,0.3333333333333333,844,outputs/explanations/figures/heterosage_hismall_baseline_seed43_edge812707_gather_scatter.png
3625789,fan_in,0.3333333333333333,196,outputs/explanations/figures/heterosage_hismall_baseline_seed43_edge3625789_fan_in.png
3326800,scatter_gather,0.3333333333333333,883,outputs/explanations/figures/heterosage_hismall_baseline_seed43_edge3326800_scatter_gather.png
4117778,stack,0.3333333333333333,101,outputs/explanations/figures/heterosage_hismall_baseline_seed43_edge4117778_stack.png
4215001,fan_in,0.16666666666666666,11461,outputs/explanations/figures/heterosage_hismall_baseline_seed43_edge4215001_fan_in.png
3123401,fan_in,0.16666666666666666,962,outputs/explanations/figures/heterosage_hismall_baseline_seed43_edge3123401_fan_in.png
3805127,bipartite,0.0,65,outputs/explanations/figures/heterosage_hismall_baseline_seed43_edge3805127_bipartite.png
4214958,scatter_gather,0.125,897,outputs/explanations/figures/heterosage_hismall_baseline_seed43_edge4214958_scatter_gather.png
3162521,fan_out,0.16666666666666666,131890,outputs/explanations/figures/heterosage_hismall_baseline_seed43_edge3162521_fan_out.png
3863648,scatter_gather,0.3333333333333333,214438,outputs/explanations/figures/heterosage_hismall_baseline_seed43_edge3863648_scatter_gather.png
3395875,bipartite,0.0,132734,outputs/explanations/figures/heterosage_hismall_baseline_seed43_edge3395875_bipartite.png
3411040,stack,0.0,10929,outputs/explanations/figures/heterosage_hismall_baseline_seed43_edge3411040_stack.png
4242450,random,,723,outputs/explanations/figures/heterosage_hismall_baseline_seed43_edge4242450_random.png
3162489,cycle,0.0,324,outputs/explanations/figures/heterosage_hismall_baseline_seed43_edge3162489_cycle.png
3961340,gather_scatter,0.3333333333333333,695,outputs/explanations/figures/heterosage_hismall_baseline_seed43_edge3961340_gather_scatter.png
3123451,scatter_gather,0.16666666666666666,522,outputs/explanations/figures/heterosage_hismall_baseline_seed43_edge3123451_scatter_gather.png
4269458,cycle,0.0,1018,outputs/explanations/figures/heterosage_hismall_baseline_seed43_edge4269458_cycle.png
3635776,fan_out,0.6666666666666666,909,outputs/explanations/figures/heterosage_hismall_baseline_seed43_edge3635776_fan_out.png
3586654,fan_out,0.8333333333333334,189,outputs/explanations/figures/heterosage_hismall_baseline_seed43_edge3586654_fan_out.png
4269443,random,,1044,outputs/explanations/figures/heterosage_hismall_baseline_seed43_edge4269443_random.png
3411049,scatter_gather,0.16666666666666666,25876,outputs/explanations/figures/heterosage_hismall_baseline_seed43_edge3411049_scatter_gather.png
3469191,bipartite,0.0,46260,outputs/explanations/figures/heterosage_hismall_baseline_seed43_edge3469191_bipartite.png
4296462,scatter_gather,0.16666666666666666,11140,outputs/explanations/figures/heterosage_hismall_baseline_seed43_edge4296462_scatter_gather.png
2655555,gather_scatter,0.3333333333333333,961,outputs/explanations/figures/heterosage_hismall_baseline_seed43_edge2655555_gather_scatter.png
3863652,scatter_gather,0.3333333333333333,214576,outputs/explanations/figures/heterosage_hismall_baseline_seed43_edge3863652_scatter_gather.png
3805117,bipartite,0.0,404,outputs/explanations/figures/heterosage_hismall_baseline_seed43_edge3805117_bipartite.png
3703309,stack,0.0,57,outputs/explanations/figures/heterosage_hismall_baseline_seed43_edge3703309_stack.png
3635830,fan_in,0.6666666666666666,642,outputs/explanations/figures/heterosage_hismall_baseline_seed43_edge3635830_fan_in.png
3459533,stack,0.0,17792,outputs/explanations/figures/heterosage_hismall_baseline_seed43_edge3459533_stack.png
3469182,bipartite,0.0,373,outputs/explanations/figures/heterosage_hismall_baseline_seed43_edge3469182_bipartite.png
4315616,cycle,0.0,132886,outputs/explanations/figures/heterosage_hismall_baseline_seed43_edge4315616_cycle.png
2689582,random,,131778,outputs/explanations/figures/heterosage_hismall_baseline_seed43_edge2689582_random.png
2612188,scatter_gather,0.14285714285714285,1421,outputs/explanations/figures/heterosage_hismall_baseline_seed43_edge2612188_scatter_gather.png
3586656,fan_out,0.8333333333333334,189,outputs/explanations/figures/heterosage_hismall_baseline_seed43_edge3586656_fan_out.png
3586643,cycle,0.0,65,outputs/explanations/figures/heterosage_hismall_baseline_seed43_edge3586643_cycle.png
2278957,stack,0.5,217331,outputs/explanations/figures/heterosage_hismall_baseline_seed43_edge2278957_stack.png
2825529,stack,0.0,602,outputs/explanations/figures/heterosage_hismall_baseline_seed43_edge2825529_stack.png
1936582,gather_scatter,0.3333333333333333,1055,outputs/explanations/figures/heterosage_hismall_baseline_seed43_edge1936582_gather_scatter.png
2825512,stack,0.0,133004,outputs/explanations/figures/heterosage_hismall_baseline_seed43_edge2825512_stack.png
3863656,scatter_gather,0.4,214529,outputs/explanations/figures/heterosage_hismall_baseline_seed43_edge3863656_scatter_gather.png
3732500,gather_scatter,0.6666666666666666,1092,outputs/explanations/figures/heterosage_hismall_baseline_seed43_edge3732500_gather_scatter.png
812709,gather_scatter,0.6666666666666666,761,outputs/explanations/figures/heterosage_hismall_baseline_seed43_edge812709_gather_scatter.png
3162491,cycle,0.0,434,outputs/explanations/figures/heterosage_hismall_baseline_seed43_edge3162491_cycle.png
3625767,cycle,0.0,278,outputs/explanations/figures/heterosage_hismall_baseline_seed43_edge3625767_cycle.png
3459530,stack,0.0,131381,outputs/explanations/figures/heterosage_hismall_baseline_seed43_edge3459530_stack.png
4376200,cycle,1.0,1824,outputs/explanations/figures/heterosage_hismall_baseline_seed43_edge4376200_cycle.png
2548025,cycle,0.0,496,outputs/explanations/figures/heterosage_hismall_baseline_seed43_edge2548025_cycle.png
1928510,gather_scatter,0.3333333333333333,819,outputs/explanations/figures/heterosage_hismall_baseline_seed43_edge1928510_gather_scatter.png
3411051,scatter_gather,0.14285714285714285,376,outputs/explanations/figures/heterosage_hismall_baseline_seed43_edge3411051_scatter_gather.png
2864765,cycle,0.0,909,outputs/explanations/figures/heterosage_hismall_baseline_seed43_edge2864765_cycle.png
3395881,bipartite,0.0,266,outputs/explanations/figures/heterosage_hismall_baseline_seed43_edge3395881_bipartite.png
1854524,gather_scatter,0.6666666666666666,913,outputs/explanations/figures/heterosage_hismall_baseline_seed43_edge1854524_gather_scatter.png
4389486,scatter_gather,0.1,157,outputs/explanations/figures/heterosage_hismall_baseline_seed43_edge4389486_scatter_gather.png
3123433,fan_out,0.5,18014,outputs/explanations/figures/heterosage_hismall_baseline_seed43_edge3123433_fan_out.png
4389503,fan_in,0.8333333333333334,668,outputs/explanations/figures/heterosage_hismall_baseline_seed43_edge4389503_fan_in.png
3055211,random,,25577,outputs/explanations/figures/heterosage_hismall_baseline_seed43_edge3055211_random.png
1928512,gather_scatter,0.6666666666666666,819,outputs/explanations/figures/heterosage_hismall_baseline_seed43_edge1928512_gather_scatter.png
2387737,gather_scatter,0.3333333333333333,576,outputs/explanations/figures/heterosage_hismall_baseline_seed43_edge2387737_gather_scatter.png
3961352,gather_scatter,0.3333333333333333,633,outputs/explanations/figures/heterosage_hismall_baseline_seed43_edge3961352_gather_scatter.png
2825533,stack,0.0,215848,outputs/explanations/figures/heterosage_hismall_baseline_seed43_edge2825533_stack.png
3123435,fan_out,0.5,17937,outputs/explanations/figures/heterosage_hismall_baseline_seed43_edge3123435_fan_out.png
3444540,stack,0.0,1758,outputs/explanations/figures/heterosage_hismall_baseline_seed43_edge3444540_stack.png
3557038,bipartite,1.0,846,outputs/explanations/figures/heterosage_hismall_baseline_seed43_edge3557038_bipartite.png
2918772,stack,0.0,595,outputs/explanations/figures/heterosage_hismall_baseline_seed43_edge2918772_stack.png
3557046,bipartite,0.0,214227,outputs/explanations/figures/heterosage_hismall_baseline_seed43_edge3557046_bipartite.png
3201417,random,,291,outputs/explanations/figures/heterosage_hismall_baseline_seed43_edge3201417_random.png
3902224,fan_in,0.3333333333333333,705,outputs/explanations/figures/heterosage_hismall_baseline_seed43_edge3902224_fan_in.png
4421680,scatter_gather,0.16666666666666666,387,outputs/explanations/figures/heterosage_hismall_baseline_seed43_edge4421680_scatter_gather.png
2864767,cycle,0.0,640,outputs/explanations/figures/heterosage_hismall_baseline_seed43_edge2864767_cycle.png
3162493,cycle,0.0,285,outputs/explanations/figures/heterosage_hismall_baseline_seed43_edge3162493_cycle.png
3162469,fan_out,0.5,13022,outputs/explanations/figures/heterosage_hismall_baseline_seed43_edge3162469_fan_out.png
3805177,stack,0.0,469,outputs/explanations/figures/heterosage_hismall_baseline_seed43_edge3805177_stack.png
4449051,gather_scatter,0.3333333333333333,2453,outputs/explanations/figures/heterosage_hismall_baseline_seed43_edge4449051_gather_scatter.png
4456273,gather_scatter,0.6666666666666666,157,outputs/explanations/figures/heterosage_hismall_baseline_seed43_edge4456273_gather_scatter.png
812710,gather_scatter,0.3333333333333333,732,outputs/explanations/figures/heterosage_hismall_baseline_seed43_edge812710_gather_scatter.png
3961342,gather_scatter,0.3333333333333333,791,outputs/explanations/figures/heterosage_hismall_baseline_seed43_edge3961342_gather_scatter.png
2718749,gather_scatter,0.3333333333333333,120,outputs/explanations/figures/heterosage_hismall_baseline_seed43_edge2718749_gather_scatter.png
3064854,fan_out,0.16666666666666666,86,outputs/explanations/figures/heterosage_hismall_baseline_seed43_edge3064854_fan_out.png
3805158,stack,0.0,668,outputs/explanations/figures/heterosage_hismall_baseline_seed43_edge3805158_stack.png
3123455,scatter_gather,0.14285714285714285,737,outputs/explanations/figures/heterosage_hismall_baseline_seed43_edge3123455_scatter_gather.png
4214961,scatter_gather,0.16666666666666666,981,outputs/explanations/figures/heterosage_hismall_baseline_seed43_edge4214961_scatter_gather.png
3326798,scatter_gather,0.0,1065,outputs/explanations/figures/heterosage_hismall_baseline_seed43_edge3326798_scatter_gather.png
3411053,scatter_gather,0.16666666666666666,214200,outputs/explanations/figures/heterosage_hismall_baseline_seed43_edge3411053_scatter_gather.png
3557044,bipartite,0.0,196,outputs/explanations/figures/heterosage_hismall_baseline_seed43_edge3557044_bipartite.png
3459501,stack,0.0,169,outputs/explanations/figures/heterosage_hismall_baseline_seed43_edge3459501_stack.png
3162523,fan_out,0.6666666666666666,132259,outputs/explanations/figures/heterosage_hismall_baseline_seed43_edge3162523_fan_out.png
2757791,gather_scatter,1.0,538,outputs/explanations/figures/heterosage_hismall_baseline_seed43_edge2757791_gather_scatter.png
4421683,scatter_gather,0.14285714285714285,163,outputs/explanations/figures/heterosage_hismall_baseline_seed43_edge4421683_scatter_gather.png
3313384,scatter_gather,0.16666666666666666,230,outputs/explanations/figures/heterosage_hismall_baseline_seed43_edge3313384_scatter_gather.png
3352005,stack,0.0,246,outputs/explanations/figures/heterosage_hismall_baseline_seed43_edge3352005_stack.png
3863661,scatter_gather,0.14285714285714285,214836,outputs/explanations/figures/heterosage_hismall_baseline_seed43_edge3863661_scatter_gather.png
2277134,stack,0.0,157,outputs/explanations/figures/heterosage_hismall_baseline_seed43_edge2277134_stack.png
3780590,cycle,0.0,131763,outputs/explanations/figures/heterosage_hismall_baseline_seed43_edge3780590_cycle.png
4214964,scatter_gather,0.14285714285714285,132537,outputs/explanations/figures/heterosage_hismall_baseline_seed43_edge4214964_scatter_gather.png
4510171,gather_scatter,0.6666666666666666,214882,outputs/explanations/figures/heterosage_hismall_baseline_seed43_edge4510171_gather_scatter.png
4127855,fan_in,0.3333333333333333,654,outputs/explanations/figures/heterosage_hismall_baseline_seed43_edge4127855_fan_in.png
2651104,stack,0.0,224,outputs/explanations/figures/heterosage_hismall_baseline_seed43_edge2651104_stack.png
3635832,fan_in,0.5,453,outputs/explanations/figures/heterosage_hismall_baseline_seed43_edge3635832_fan_in.png
4117771,stack,0.0,12569,outputs/explanations/figures/heterosage_hismall_baseline_seed43_edge4117771_stack.png
4389505,fan_in,1.0,131833,outputs/explanations/figures/heterosage_hismall_baseline_seed43_edge4389505_fan_in.png
2655557,gather_scatter,0.3333333333333333,971,outputs/explanations/figures/heterosage_hismall_baseline_seed43_edge2655557_gather_scatter.png
4315620,cycle,0.0,1270,outputs/explanations/figures/heterosage_hismall_baseline_seed43_edge4315620_cycle.png
4127857,fan_in,0.5,920,outputs/explanations/figures/heterosage_hismall_baseline_seed43_edge4127857_fan_in.png
3838864,bipartite,0.0,131763,outputs/explanations/figures/heterosage_hismall_baseline_seed43_edge3838864_bipartite.png
1191353,gather_scatter,0.3333333333333333,698,outputs/explanations/figures/heterosage_hismall_baseline_seed43_edge1191353_gather_scatter.png
4117767,stack,0.16666666666666666,121,outputs/explanations/figures/heterosage_hismall_baseline_seed43_edge4117767_stack.png
4214945,bipartite,1.0,157,outputs/explanations/figures/heterosage_hismall_baseline_seed43_edge4214945_bipartite.png
3133011,gather_scatter,0.6666666666666666,779,outputs/explanations/figures/heterosage_hismall_baseline_seed43_edge3133011_gather_scatter.png
3035780,scatter_gather,0.16666666666666666,214460,outputs/explanations/figures/heterosage_hismall_baseline_seed43_edge3035780_scatter_gather.png
2747683,cycle,0.0,483,outputs/explanations/figures/heterosage_hismall_baseline_seed43_edge2747683_cycle.png
2830849,scatter_gather,0.1,157,outputs/explanations/figures/heterosage_hismall_baseline_seed43_edge2830849_scatter_gather.png
3303583,stack,0.0,78,outputs/explanations/figures/heterosage_hismall_baseline_seed43_edge3303583_stack.png
4059236,gather_scatter,0.3333333333333333,742,outputs/explanations/figures/heterosage_hismall_baseline_seed43_edge4059236_gather_scatter.png
3756244,stack,0.0,17,outputs/explanations/figures/heterosage_hismall_baseline_seed43_edge3756244_stack.png
4550039,gather_scatter,1.0,215976,outputs/explanations/figures/heterosage_hismall_baseline_seed43_edge4550039_gather_scatter.png
4215002,fan_in,0.16666666666666666,1088,outputs/explanations/figures/heterosage_hismall_baseline_seed43_edge4215002_fan_in.png
2387739,gather_scatter,0.6666666666666666,1044,outputs/explanations/figures/heterosage_hismall_baseline_seed43_edge2387739_gather_scatter.png
3459509,stack,0.3333333333333333,382,outputs/explanations/figures/heterosage_hismall_baseline_seed43_edge3459509_stack.png
3863665,scatter_gather,0.4,214588,outputs/explanations/figures/heterosage_hismall_baseline_seed43_edge3863665_scatter_gather.png
3951320,scatter_gather,0.5,252,outputs/explanations/figures/heterosage_hismall_baseline_seed43_edge3951320_scatter_gather.png
4214967,scatter_gather,0.16666666666666666,1006,outputs/explanations/figures/heterosage_hismall_baseline_seed43_edge4214967_scatter_gather.png
3961343,gather_scatter,0.3333333333333333,631,outputs/explanations/figures/heterosage_hismall_baseline_seed43_edge3961343_gather_scatter.png
2116335,gather_scatter,0.6666666666666666,599,outputs/explanations/figures/heterosage_hismall_baseline_seed43_edge2116335_gather_scatter.png
2248713,stack,0.0,234,outputs/explanations/figures/heterosage_hismall_baseline_seed43_edge2248713_stack.png
3332517,gather_scatter,1.0,214290,outputs/explanations/figures/heterosage_hismall_baseline_seed43_edge3332517_gather_scatter.png
4117757,stack,0.0,24767,outputs/explanations/figures/heterosage_hismall_baseline_seed43_edge4117757_stack.png
4483546,bipartite,0.0,190,outputs/explanations/figures/heterosage_hismall_baseline_seed43_edge4483546_bipartite.png
3635778,fan_out,0.5,464,outputs/explanations/figures/heterosage_hismall_baseline_seed43_edge3635778_fan_out.png
4563457,gather_scatter,0.6666666666666666,900,outputs/explanations/figures/heterosage_hismall_baseline_seed43_edge4563457_gather_scatter.png
4449053,gather_scatter,0.3333333333333333,2272,outputs/explanations/figures/heterosage_hismall_baseline_seed43_edge4449053_gather_scatter.png
3201420,random,,293,outputs/explanations/figures/heterosage_hismall_baseline_seed43_edge3201420_random.png
3863668,scatter_gather,0.4,214487,outputs/explanations/figures/heterosage_hismall_baseline_seed43_edge3863668_scatter_gather.png
2651080,stack,0.3333333333333333,228,outputs/explanations/figures/heterosage_hismall_baseline_seed43_edge2651080_stack.png
3683943,scatter_gather,0.4,643,outputs/explanations/figures/heterosage_hismall_baseline_seed43_edge3683943_scatter_gather.png
3635834,fan_in,0.5,773,outputs/explanations/figures/heterosage_hismall_baseline_seed43_edge3635834_fan_in.png
4529482,fan_in,0.16666666666666666,134648,outputs/explanations/figures/heterosage_hismall_baseline_seed43_edge4529482_fan_in.png
3805119,bipartite,0.0,192,outputs/explanations/figures/heterosage_hismall_baseline_seed43_edge3805119_bipartite.png
3133013,gather_scatter,1.0,750,outputs/explanations/figures/heterosage_hismall_baseline_seed43_edge3133013_gather_scatter.png
3906808,scatter_gather,0.14285714285714285,134053,outputs/explanations/figures/heterosage_hismall_baseline_seed43_edge3906808_scatter_gather.png
1854526,gather_scatter,0.6666666666666666,947,outputs/explanations/figures/heterosage_hismall_baseline_seed43_edge1854526_gather_scatter.png
3961344,gather_scatter,0.6666666666666666,575,outputs/explanations/figures/heterosage_hismall_baseline_seed43_edge3961344_gather_scatter.png
3352001,stack,0.0,622,outputs/explanations/figures/heterosage_hismall_baseline_seed43_edge3352001_stack.png
4389507,fan_in,0.8333333333333334,586,outputs/explanations/figures/heterosage_hismall_baseline_seed43_edge4389507_fan_in.png
2860322,random,,214,outputs/explanations/figures/heterosage_hismall_baseline_seed43_edge2860322_random.png
3326793,scatter_gather,0.16666666666666666,987,outputs/explanations/figures/heterosage_hismall_baseline_seed43_edge3326793_scatter_gather.png
3703302,stack,0.3333333333333333,162,outputs/explanations/figures/heterosage_hismall_baseline_seed43_edge3703302_stack.png
4315621,cycle,0.0,787,outputs/explanations/figures/heterosage_hismall_baseline_seed43_edge4315621_cycle.png
4296464,scatter_gather,0.16666666666666666,11140,outputs/explanations/figures/heterosage_hismall_baseline_seed43_edge4296464_scatter_gather.png
3123458,scatter_gather,0.3333333333333333,131859,outputs/explanations/figures/heterosage_hismall_baseline_seed43_edge3123458_scatter_gather.png
3444538,stack,0.3333333333333333,2246,outputs/explanations/figures/heterosage_hismall_baseline_seed43_edge3444538_stack.png
3951324,scatter_gather,0.4,391,outputs/explanations/figures/heterosage_hismall_baseline_seed43_edge3951324_scatter_gather.png
4389509,fan_in,1.0,214131,outputs/explanations/figures/heterosage_hismall_baseline_seed43_edge4389509_fan_in.png
3756247,stack,0.0,132519,outputs/explanations/figures/heterosage_hismall_baseline_seed43_edge3756247_stack.png
3712859,bipartite,0.0,157,outputs/explanations/figures/heterosage_hismall_baseline_seed43_edge3712859_bipartite.png
4483581,bipartite,1.0,11140,outputs/explanations/figures/heterosage_hismall_baseline_seed43_edge4483581_bipartite.png
3162525,fan_out,0.6666666666666666,131862,outputs/explanations/figures/heterosage_hismall_baseline_seed43_edge3162525_fan_out.png
4483544,bipartite,0.0,207,outputs/explanations/figures/heterosage_hismall_baseline_seed43_edge4483544_bipartite.png
3557057,bipartite,0.0,335,outputs/explanations/figures/heterosage_hismall_baseline_seed43_edge3557057_bipartite.png
4616279,fan_in,0.3333333333333333,157,outputs/explanations/figures/heterosage_hismall_baseline_seed43_edge4616279_fan_in.png
3326811,scatter_gather,0.125,929,outputs/explanations/figures/heterosage_hismall_baseline_seed43_edge3326811_scatter_gather.png
3625769,cycle,0.0,315,outputs/explanations/figures/heterosage_hismall_baseline_seed43_edge3625769_cycle.png
2689584,random,,131542,outputs/explanations/figures/heterosage_hismall_baseline_seed43_edge2689584_random.png
2825566,fan_in,0.6666666666666666,1947,outputs/explanations/figures/heterosage_hismall_baseline_seed43_edge2825566_fan_in.png
3162527,fan_out,0.5,131946,outputs/explanations/figures/heterosage_hismall_baseline_seed43_edge3162527_fan_out.png
2612192,scatter_gather,0.14285714285714285,801,outputs/explanations/figures/heterosage_hismall_baseline_seed43_edge2612192_scatter_gather.png
3586658,fan_out,0.8333333333333334,189,outputs/explanations/figures/heterosage_hismall_baseline_seed43_edge3586658_fan_out.png
3123462,scatter_gather,0.14285714285714285,611,outputs/explanations/figures/heterosage_hismall_baseline_seed43_edge3123462_scatter_gather.png
4376201,cycle,0.0,1719,outputs/explanations/figures/heterosage_hismall_baseline_seed43_edge4376201_cycle.png
4635780,fan_in,0.5,131763,outputs/explanations/figures/heterosage_hismall_baseline_seed43_edge4635780_fan_in.png
3625790,fan_in,0.5,222,outputs/explanations/figures/heterosage_hismall_baseline_seed43_edge3625790_fan_in.png
4214971,scatter_gather,0.2,979,outputs/explanations/figures/heterosage_hismall_baseline_seed43_edge4214971_scatter_gather.png
4656364,fan_out,0.3333333333333333,157,outputs/explanations/figures/heterosage_hismall_baseline_seed43_edge4656364_fan_out.png
3303605,stack,0.0,169,outputs/explanations/figures/heterosage_hismall_baseline_seed43_edge3303605_stack.png
2860324,random,,214,outputs/explanations/figures/heterosage_hismall_baseline_seed43_edge2860324_random.png
3201422,random,,365,outputs/explanations/figures/heterosage_hismall_baseline_seed43_edge3201422_random.png
3352013,cycle,0.0,668,outputs/explanations/figures/heterosage_hismall_baseline_seed43_edge3352013_cycle.png
3035784,scatter_gather,0.14285714285714285,235363,outputs/explanations/figures/heterosage_hismall_baseline_seed43_edge3035784_scatter_gather.png
3683946,scatter_gather,0.16666666666666666,593,outputs/explanations/figures/heterosage_hismall_baseline_seed43_edge3683946_scatter_gather.png
4656377,fan_out,0.6666666666666666,11132,outputs/explanations/figures/heterosage_hismall_baseline_seed43_edge4656377_fan_out.png
3805166,stack,0.16666666666666666,524,outputs/explanations/figures/heterosage_hismall_baseline_seed43_edge3805166_stack.png
3326809,scatter_gather,0.0,647,outputs/explanations/figures/heterosage_hismall_baseline_seed43_edge3326809_scatter_gather.png
3635780,fan_out,0.16666666666666666,710,outputs/explanations/figures/heterosage_hismall_baseline_seed43_edge3635780_fan_out.png
3035787,scatter_gather,0.16666666666666666,214450,outputs/explanations/figures/heterosage_hismall_baseline_seed43_edge3035787_scatter_gather.png
3805134,bipartite,0.0,131466,outputs/explanations/figures/heterosage_hismall_baseline_seed43_edge3805134_bipartite.png
3902226,fan_in,0.3333333333333333,733,outputs/explanations/figures/heterosage_hismall_baseline_seed43_edge3902226_fan_in.png
3635836,fan_in,0.5,509,outputs/explanations/figures/heterosage_hismall_baseline_seed43_edge3635836_fan_in.png
3123403,fan_in,0.5,1153,outputs/explanations/figures/heterosage_hismall_baseline_seed43_edge3123403_fan_in.png
3805113,bipartite,0.0,52,outputs/explanations/figures/heterosage_hismall_baseline_seed43_edge3805113_bipartite.png
4242453,random,,571,outputs/explanations/figures/heterosage_hismall_baseline_seed43_edge4242453_random.png
4043824,bipartite,0.0,1969,outputs/explanations/figures/heterosage_hismall_baseline_seed43_edge4043824_bipartite.png
4483540,bipartite,0.0,25749,outputs/explanations/figures/heterosage_hismall_baseline_seed43_edge4483540_bipartite.png
4696412,random,,11215,outputs/explanations/figures/heterosage_hismall_baseline_seed43_edge4696412_random.png
3625791,fan_in,0.3333333333333333,249,outputs/explanations/figures/heterosage_hismall_baseline_seed43_edge3625791_fan_in.png
3902228,fan_in,0.3333333333333333,806,outputs/explanations/figures/heterosage_hismall_baseline_seed43_edge3902228_fan_in.png
3055213,random,,164,outputs/explanations/figures/heterosage_hismall_baseline_seed43_edge3055213_random.png
2860326,random,,113,outputs/explanations/figures/heterosage_hismall_baseline_seed43_edge2860326_random.png
4043826,bipartite,0.0,134056,outputs/explanations/figures/heterosage_hismall_baseline_seed43_edge4043826_bipartite.png
4242455,random,,294,outputs/explanations/figures/heterosage_hismall_baseline_seed43_edge4242455_random.png
3201425,random,,378,outputs/explanations/figures/heterosage_hismall_baseline_seed43_edge3201425_random.png
2747685,cycle,0.0,681,outputs/explanations/figures/heterosage_hismall_baseline_seed43_edge2747685_cycle.png
4723749,fan_out,0.3333333333333333,170,outputs/explanations/figures/heterosage_hismall_baseline_seed43_edge4723749_fan_out.png
3123405,fan_in,0.5,962,outputs/explanations/figures/heterosage_hismall_baseline_seed43_edge3123405_fan_in.png
4737301,fan_out,0.5,945,outputs/explanations/figures/heterosage_hismall_baseline_seed43_edge4737301_fan_out.png
3123441,fan_out,0.3333333333333333,17937,outputs/explanations/figures/heterosage_hismall_baseline_seed43_edge3123441_fan_out.png
4563200,fan_out,0.16666666666666666,678,outputs/explanations/figures/heterosage_hismall_baseline_seed43_edge4563200_fan_out.png
4737282,fan_out,0.3333333333333333,203,outputs/explanations/figures/heterosage_hismall_baseline_seed43_edge4737282_fan_out.png
4737280,fan_out,0.3333333333333333,10929,outputs/explanations/figures/heterosage_hismall_baseline_seed43_edge4737280_fan_out.png
2825567,fan_in,0.5,1411,outputs/explanations/figures/heterosage_hismall_baseline_seed43_edge2825567_fan_in.png
3352011,cycle,0.0,702,outputs/explanations/figures/heterosage_hismall_baseline_seed43_edge3352011_cycle.png
4269459,cycle,1.0,1839,outputs/explanations/figures/heterosage_hismall_baseline_seed43_edge4269459_cycle.png
4389511,fan_in,0.8333333333333334,699,outputs/explanations/figures/heterosage_hismall_baseline_seed43_edge4389511_fan_in.png
3625771,cycle,0.0,256,outputs/explanations/figures/heterosage_hismall_baseline_seed43_edge3625771_cycle.png
4763831,random,,252,outputs/explanations/figures/heterosage_hismall_baseline_seed43_edge4763831_random.png
4563202,fan_out,0.16666666666666666,678,outputs/explanations/figures/heterosage_hismall_baseline_seed43_edge4563202_fan_out.png
4777019,cycle,0.0,435,outputs/explanations/figures/heterosage_hismall_baseline_seed43_edge4777019_cycle.png
4803016,random,,31,outputs/explanations/figures/heterosage_hismall_baseline_seed43_edge4803016_random.png
4803063,random,,120,outputs/explanations/figures/heterosage_hismall_baseline_seed43_edge4803063_random.png
4777021,cycle,0.0,417,outputs/explanations/figures/heterosage_hismall_baseline_seed43_edge4777021_cycle.png
3064856,fan_out,0.5,297,outputs/explanations/figures/heterosage_hismall_baseline_seed43_edge3064856_fan_out.png
4389513,fan_in,1.0,495,outputs/explanations/figures/heterosage_hismall_baseline_seed43_edge4389513_fan_in.png
3055216,random,,237,outputs/explanations/figures/heterosage_hismall_baseline_seed43_edge3055216_random.png
3469218,fan_out,0.8333333333333334,11461,outputs/explanations/figures/heterosage_hismall_baseline_seed43_edge3469218_fan_out.png
3162470,fan_out,0.5,13245,outputs/explanations/figures/heterosage_hismall_baseline_seed43_edge3162470_fan_out.png
3123407,fan_in,0.3333333333333333,962,outputs/explanations/figures/heterosage_hismall_baseline_seed43_edge3123407_fan_in.png
2825568,fan_in,0.5,1596,outputs/explanations/figures/heterosage_hismall_baseline_seed43_edge2825568_fan_in.png
4723750,fan_out,0.5,177,outputs/explanations/figures/heterosage_hismall_baseline_seed43_edge4723750_fan_out.png
3625772,cycle,0.0,159,outputs/explanations/figures/heterosage_hismall_baseline_seed43_edge3625772_cycle.png
4043828,bipartite,0.0,215288,outputs/explanations/figures/heterosage_hismall_baseline_seed43_edge4043828_bipartite.png
3055218,random,,171,outputs/explanations/figures/heterosage_hismall_baseline_seed43_edge3055218_random.png
2825570,fan_in,0.3333333333333333,1653,outputs/explanations/figures/heterosage_hismall_baseline_seed43_edge2825570_fan_in.png
4904719,random,,14406,outputs/explanations/figures/heterosage_hismall_baseline_seed43_edge4904719_random.png
3857993,bipartite,1.0,131763,outputs/explanations/figures/heterosage_hismall_baseline_seed43_edge3857993_bipartite.png
3635782,fan_out,0.16666666666666666,560,outputs/explanations/figures/heterosage_hismall_baseline_seed43_edge3635782_fan_out.png
4908874,cycle,0.0,132000,outputs/explanations/figures/heterosage_hismall_baseline_seed43_edge4908874_cycle.png
4777023,cycle,0.0,269,outputs/explanations/figures/heterosage_hismall_baseline_seed43_edge4777023_cycle.png
4737283,fan_out,0.3333333333333333,139,outputs/explanations/figures/heterosage_hismall_baseline_seed43_edge4737283_fan_out.png
4913034,cycle,0.0,370,outputs/explanations/figures/heterosage_hismall_baseline_seed43_edge4913034_cycle.png
3732454,cycle,0.0,202,outputs/explanations/figures/heterosage_hismall_baseline_seed43_edge3732454_cycle.png
4483550,bipartite,0.0,182,outputs/explanations/figures/heterosage_hismall_baseline_seed43_edge4483550_bipartite.png
3625793,fan_in,0.5,235,outputs/explanations/figures/heterosage_hismall_baseline_seed43_edge3625793_fan_in.png
2976950,fan_out,0.5,502,outputs/explanations/figures/heterosage_hismall_baseline_seed43_edge2976950_fan_out.png
4763833,random,,237,outputs/explanations/figures/heterosage_hismall_baseline_seed43_edge4763833_random.png
4925469,random,,214017,outputs/explanations/figures/heterosage_hismall_baseline_seed43_edge4925469_random.png
4929654,random,,1537,outputs/explanations/figures/heterosage_hismall_baseline_seed43_edge4929654_random.png
3635784,fan_out,0.3333333333333333,25989,outputs/explanations/figures/heterosage_hismall_baseline_seed43_edge3635784_fan_out.png
4043832,bipartite,1.0,422,outputs/explanations/figures/heterosage_hismall_baseline_seed43_edge4043832_bipartite.png
3625795,fan_in,0.8333333333333334,436,outputs/explanations/figures/heterosage_hismall_baseline_seed43_edge3625795_fan_in.png
3586660,fan_out,0.16666666666666666,478,outputs/explanations/figures/heterosage_hismall_baseline_seed43_edge3586660_fan_out.png
4917040,bipartite,0.0,700,outputs/explanations/figures/heterosage_hismall_baseline_seed43_edge4917040_bipartite.png
4737285,fan_out,0.3333333333333333,219,outputs/explanations/figures/heterosage_hismall_baseline_seed43_edge4737285_fan_out.png
4737303,fan_out,0.3333333333333333,769,outputs/explanations/figures/heterosage_hismall_baseline_seed43_edge4737303_fan_out.png
4127859,fan_in,0.6666666666666666,812,outputs/explanations/figures/heterosage_hismall_baseline_seed43_edge4127859_fan_in.png
4656378,fan_out,0.8333333333333334,11461,outputs/explanations/figures/heterosage_hismall_baseline_seed43_edge4656378_fan_out.png
3123409,fan_in,0.3333333333333333,962,outputs/explanations/figures/heterosage_hismall_baseline_seed43_edge3123409_fan_in.png
4010245,cycle,0.0,157,outputs/explanations/figures/heterosage_hismall_baseline_seed43_edge4010245_cycle.png
3420804,fan_out,0.6666666666666666,24817,outputs/explanations/figures/heterosage_hismall_baseline_seed43_edge3420804_fan_out.png
4925471,random,,214162,outputs/explanations/figures/heterosage_hismall_baseline_seed43_edge4925471_random.png
4269461,cycle,0.0,11660,outputs/explanations/figures/heterosage_hismall_baseline_seed43_edge4269461_cycle.png
4127860,fan_in,0.5,637,outputs/explanations/figures/heterosage_hismall_baseline_seed43_edge4127860_fan_in.png
4043823,bipartite,0.0,2356,outputs/explanations/figures/heterosage_hismall_baseline_seed43_edge4043823_bipartite.png
3055220,random,,45,outputs/explanations/figures/heterosage_hismall_baseline_seed43_edge3055220_random.png
4563204,fan_out,0.3333333333333333,886,outputs/explanations/figures/heterosage_hismall_baseline_seed43_edge4563204_fan_out.png
4763836,random,,354,outputs/explanations/figures/heterosage_hismall_baseline_seed43_edge4763836_random.png
3732456,cycle,0.0,140,outputs/explanations/figures/heterosage_hismall_baseline_seed43_edge3732456_cycle.png
4904722,random,,308,outputs/explanations/figures/heterosage_hismall_baseline_seed43_edge4904722_random.png
4088410,cycle,0.0,84,outputs/explanations/figures/heterosage_hismall_baseline_seed43_edge4088410_cycle.png
3162471,fan_out,0.6666666666666666,13136,outputs/explanations/figures/heterosage_hismall_baseline_seed43_edge3162471_fan_out.png
4974359,fan_in,0.3333333333333333,1443,outputs/explanations/figures/heterosage_hismall_baseline_seed43_edge4974359_fan_in.png
4529485,fan_in,0.3333333333333333,134382,outputs/explanations/figures/heterosage_hismall_baseline_seed43_edge4529485_fan_in.png
4978363,bipartite,0.0,213729,outputs/explanations/figures/heterosage_hismall_baseline_seed43_edge4978363_bipartite.png
4954200,bipartite,0.0,9,outputs/explanations/figures/heterosage_hismall_baseline_seed43_edge4954200_bipartite.png
4242458,random,,114,outputs/explanations/figures/heterosage_hismall_baseline_seed43_edge4242458_random.png
4376202,cycle,0.0,1612,outputs/explanations/figures/heterosage_hismall_baseline_seed43_edge4376202_cycle.png
3586662,fan_out,0.5,189,outputs/explanations/figures/heterosage_hismall_baseline_seed43_edge3586662_fan_out.png
4723752,fan_out,0.3333333333333333,146,outputs/explanations/figures/heterosage_hismall_baseline_seed43_edge4723752_fan_out.png
4917043,bipartite,0.0,132396,outputs/explanations/figures/heterosage_hismall_baseline_seed43_edge4917043_bipartite.png
3970859,fan_in,0.8333333333333334,418,outputs/explanations/figures/heterosage_hismall_baseline_seed43_edge3970859_fan_in.png
4043833,bipartite,1.0,131720,outputs/explanations/figures/heterosage_hismall_baseline_seed43_edge4043833_bipartite.png
4043829,bipartite,0.0,1007,outputs/explanations/figures/heterosage_hismall_baseline_seed43_edge4043829_bipartite.png
4683032,bipartite,0.0,679,outputs/explanations/figures/heterosage_hismall_baseline_seed43_edge4683032_bipartite.png
3785808,random,,213706,outputs/explanations/figures/heterosage_hismall_baseline_seed43_edge3785808_random.png
4908875,cycle,0.0,132000,outputs/explanations/figures/heterosage_hismall_baseline_seed43_edge4908875_cycle.png
4315623,cycle,0.0,132599,outputs/explanations/figures/heterosage_hismall_baseline_seed43_edge4315623_cycle.png
4737305,fan_out,0.3333333333333333,732,outputs/explanations/figures/heterosage_hismall_baseline_seed43_edge4737305_fan_out.png
4723754,fan_out,0.3333333333333333,317,outputs/explanations/figures/heterosage_hismall_baseline_seed43_edge4723754_fan_out.png
4904735,random,,21744,outputs/explanations/figures/heterosage_hismall_baseline_seed43_edge4904735_random.png
3785809,random,,170,outputs/explanations/figures/heterosage_hismall_baseline_seed43_edge3785809_random.png
3732458,cycle,0.0,263,outputs/explanations/figures/heterosage_hismall_baseline_seed43_edge3732458_cycle.png
4992090,cycle,0.0,280,outputs/explanations/figures/heterosage_hismall_baseline_seed43_edge4992090_cycle.png
4723756,fan_out,0.5,146,outputs/explanations/figures/heterosage_hismall_baseline_seed43_edge4723756_fan_out.png
3201427,random,,213792,outputs/explanations/figures/heterosage_hismall_baseline_seed43_edge3201427_random.png
4737307,fan_out,0.5,1317,outputs/explanations/figures/heterosage_hismall_baseline_seed43_edge4737307_fan_out.png
4803065,random,,374,outputs/explanations/figures/heterosage_hismall_baseline_seed43_edge4803065_random.png
4483548,bipartite,0.0,312,outputs/explanations/figures/heterosage_hismall_baseline_seed43_edge4483548_bipartite.png
4269462,cycle,0.0,11477,outputs/explanations/figures/heterosage_hismall_baseline_seed43_edge4269462_cycle.png
4683034,bipartite,0.0,422,outputs/explanations/figures/heterosage_hismall_baseline_seed43_edge4683034_bipartite.png
5003717,random,,131763,outputs/explanations/figures/heterosage_hismall_baseline_seed43_edge5003717_random.png
4269463,cycle,0.0,11368,outputs/explanations/figures/heterosage_hismall_baseline_seed43_edge4269463_cycle.png
4978368,bipartite,1.0,245,outputs/explanations/figures/heterosage_hismall_baseline_seed43_edge4978368_bipartite.png
4954195,bipartite,0.0,476,outputs/explanations/figures/heterosage_hismall_baseline_seed43_edge4954195_bipartite.png
4929655,random,,1967,outputs/explanations/figures/heterosage_hismall_baseline_seed43_edge4929655_random.png
4954202,bipartite,1.0,85,outputs/explanations/figures/heterosage_hismall_baseline_seed43_edge4954202_bipartite.png
4954193,bipartite,0.0,259,outputs/explanations/figures/heterosage_hismall_baseline_seed43_edge4954193_bipartite.png
4929656,random,,1454,outputs/explanations/figures/heterosage_hismall_baseline_seed43_edge4929656_random.png
4269451,bipartite,0.0,11215,outputs/explanations/figures/heterosage_hismall_baseline_seed43_edge4269451_bipartite.png
5043850,random,,131763,outputs/explanations/figures/heterosage_hismall_baseline_seed43_edge5043850_random.png
4929657,random,,1365,outputs/explanations/figures/heterosage_hismall_baseline_seed43_edge4929657_random.png
4803067,random,,213980,outputs/explanations/figures/heterosage_hismall_baseline_seed43_edge4803067_random.png
4483537,bipartite,0.0,338,outputs/explanations/figures/heterosage_hismall_baseline_seed43_edge4483537_bipartite.png
5070515,random,,157,outputs/explanations/figures/heterosage_hismall_baseline_seed43_edge5070515_random.png
4954198,bipartite,0.0,69,outputs/explanations/figures/heterosage_hismall_baseline_seed43_edge4954198_bipartite.png
3785812,random,,125,outputs/explanations/figures/heterosage_hismall_baseline_seed43_edge3785812_random.png
4803070,random,,213705,outputs/explanations/figures/heterosage_hismall_baseline_seed43_edge4803070_random.png
4483542,bipartite,0.0,277,outputs/explanations/figures/heterosage_hismall_baseline_seed43_edge4483542_bipartite.png
4954191,bipartite,0.0,236,outputs/explanations/figures/heterosage_hismall_baseline_seed43_edge4954191_bipartite.png
4803072,random,,58,outputs/explanations/figures/heterosage_hismall_baseline_seed43_edge4803072_random.png
4803075,random,,367,outputs/explanations/figures/heterosage_hismall_baseline_seed43_edge4803075_random.png
4803018,random,,54,outputs/explanations/figures/heterosage_hismall_baseline_seed43_edge4803018_random.png
4763838,random,,265,outputs/explanations/figures/heterosage_hismall_baseline_seed43_edge4763838_random.png
